web-scraper-order,web-scraper-start-url,Autre_animaux_links,Autre_animaux_links-href,Nom,Price,Adresse,lien_image
"1739019190-1","https://sn.coinafrique.com/categorie/autres-animaux?page=6","Perruches","https://sn.coinafrique.com/annonce/autres-animaux/perruches-751123","Perroquet perruches ondulées","20 000 CFA","Point E, Dakar, Sénégal",""
"1739019193-2","https://sn.coinafrique.com/categorie/autres-animaux?page=6","Carpe Koï Japonaise ( Aquarium)","https://sn.coinafrique.com/annonce/autres-animaux/carpe-koi-japonaise-aquarium-827220","","","",""
"1739019196-3","https://sn.coinafrique.com/categorie/autres-animaux?page=6","Perruches","https://sn.coinafrique.com/annonce/autres-animaux/perruches-845280","","","Sénégal",""
"1739019199-4","https://sn.coinafrique.com/categorie/autres-animaux?page=6","Poisson d'aquarium","https://sn.coinafrique.com/annonce/autres-animaux/poisson-daquarium-863425","","","",""
"1739019201-5","https://sn.coinafrique.com/categorie/autres-animaux?page=6","Bœuf","https://sn.coinafrique.com/annonce/autres-animaux/buf-885779","","","",""
"1739019204-6","https://sn.coinafrique.com/categorie/autres-animaux?page=6","Chèvre Balami","https://sn.coinafrique.com/annonce/autres-animaux/chevre-balami-917895","","","Saint Louis, Sénégal",""
"1739019207-7","https://sn.coinafrique.com/categorie/autres-animaux?page=6","Verrat de race Large white","https://sn.coinafrique.com/annonce/autres-animaux/verrat-de-race-large-white-929881","","","Sénégal",""
"1739019210-8","https://sn.coinafrique.com/categorie/autres-animaux?page=6","Caille","https://sn.coinafrique.com/annonce/autres-animaux/caille-931708","","","Guediawaye, Dakar, Sénégal",""
"1739019213-9","https://sn.coinafrique.com/categorie/autres-animaux?page=6","Oies  bourbonaises","https://sn.coinafrique.com/annonce/autres-animaux/oies-bourbonaises-990474","","","Thies, Sénégal",""
"1739019216-10","https://sn.coinafrique.com/categorie/autres-animaux?page=6","Mouton ladoum pure sang","https://sn.coinafrique.com/annonce/autres-animaux/mouton-ladoum-pure-sang-1011139","","","Sénégal",""
"1739019219-11","https://sn.coinafrique.com/categorie/autres-animaux?page=6","Boeuf","https://sn.coinafrique.com/annonce/autres-animaux/boeuf-1129419","","","Dakar, Sénégal",""
"1739019222-12","https://sn.coinafrique.com/categorie/autres-animaux?page=6","Bœufs","https://sn.coinafrique.com/annonce/autres-animaux/bufs-1198114","","","",""
"1739019224-13","https://sn.coinafrique.com/categorie/autres-animaux?page=6","Paon bleu","https://sn.coinafrique.com/annonce/autres-animaux/paon-bleu-1310387","","","Parcelle Assainies, Dakar, Sénégal",""
"1739019227-14","https://sn.coinafrique.com/categorie/autres-animaux?page=6","Oies","https://sn.coinafrique.com/annonce/autres-animaux/oies-1311792","","","Fass, Dakar, Sénégal",""
"1739019230-15","https://sn.coinafrique.com/categorie/autres-animaux?page=6","Oies","https://sn.coinafrique.com/annonce/autres-animaux/oies-1322739","","","Fass, Dakar, Sénégal",""
"1739019233-16","https://sn.coinafrique.com/categorie/autres-animaux?page=6","Cailles","https://sn.coinafrique.com/annonce/autres-animaux/cailles-1376905","","","Dakar, Sénégal",""
"1739019239-17","https://sn.coinafrique.com/categorie/autres-animaux?page=5","Perruches","https://sn.coinafrique.com/annonce/autres-animaux/perruches-1389654","","","Dakar, Sénégal",""
"1739019242-18","https://sn.coinafrique.com/categorie/autres-animaux?page=5","Oiseaux exotiques","https://sn.coinafrique.com/annonce/autres-animaux/oiseaux-exotiques-1393968","","","Dakar, Sénégal",""
"1739019244-19","https://sn.coinafrique.com/categorie/autres-animaux?page=5","Perruches","https://sn.coinafrique.com/annonce/autres-animaux/perruches-1395598","","","Dakar, Sénégal",""
"1739019247-20","https://sn.coinafrique.com/categorie/autres-animaux?page=5","Perruches","https://sn.coinafrique.com/annonce/autres-animaux/perruches-1395711","","","Dakar, Sénégal",""
"1739019250-21","https://sn.coinafrique.com/categorie/autres-animaux?page=5","Oies de guinée","https://sn.coinafrique.com/annonce/autres-animaux/oies-de-guinee-1417652","","","Thies, Sénégal",""
"1739019253-22","https://sn.coinafrique.com/categorie/autres-animaux?page=5","Cheval","https://sn.coinafrique.com/annonce/autres-animaux/cheval-1421196","","","Fatick, Sénégal",""
"1739019256-23","https://sn.coinafrique.com/categorie/autres-animaux?page=5","Cheval","https://sn.coinafrique.com/annonce/autres-animaux/cheval-1421206","","","Fatick, Sénégal",""
"1739019259-24","https://sn.coinafrique.com/categorie/autres-animaux?page=5","Oies toulouse","https://sn.coinafrique.com/annonce/autres-animaux/oies-toulouse-1428089","","","Fass, Dakar, Sénégal",""
"1739019262-25","https://sn.coinafrique.com/categorie/autres-animaux?page=5","Perruches","https://sn.coinafrique.com/annonce/autres-animaux/perruches-1441558","","","Dakar, Sénégal",""
"1739019264-26","https://sn.coinafrique.com/categorie/autres-animaux?page=5","Perruches","https://sn.coinafrique.com/annonce/autres-animaux/perruches-1453830","Perroquet perruches ondulées","20 000 CFA","Point E, Dakar, Sénégal",""
"1739019267-27","https://sn.coinafrique.com/categorie/autres-animaux?page=5","Perruches","https://sn.coinafrique.com/annonce/autres-animaux/perruches-1453837","Perroquet perruches ondulées","20 000 CFA","Point E, Dakar, Sénégal",""
"1739019270-28","https://sn.coinafrique.com/categorie/autres-animaux?page=5","Biscuit en poudre pour betail","https://sn.coinafrique.com/annonce/autres-animaux/biscuit-en-poudre-pour-betail-1459836","","","Patte d'oie, Dakar, Sénégal",""
"1739019273-29","https://sn.coinafrique.com/categorie/autres-animaux?page=5","Dindes - canards et colverts","https://sn.coinafrique.com/annonce/autres-animaux/dindes-canards-et-colverts-1490889","","","Dakar, Sénégal",""
"1739019276-30","https://sn.coinafrique.com/categorie/autres-animaux?page=5","Bœuf","https://sn.coinafrique.com/annonce/autres-animaux/buf-1495773","","","",""
"1739019279-31","https://sn.coinafrique.com/categorie/autres-animaux?page=5","Vaches","https://sn.coinafrique.com/annonce/autres-animaux/vaches-1500655","","","Rufisque, Sénégal",""
"1739019281-32","https://sn.coinafrique.com/categorie/autres-animaux?page=5","Couple de chèvre","https://sn.coinafrique.com/annonce/autres-animaux/couple-de-chevre-1521675","","","Dakar, Sénégal",""
"1739019284-33","https://sn.coinafrique.com/categorie/autres-animaux?page=5","Boeufs","https://sn.coinafrique.com/annonce/autres-animaux/boeufs-1544433","","","Tambacounda, Sénégal",""
"1739019287-34","https://sn.coinafrique.com/categorie/autres-animaux?page=5","Bœuf","https://sn.coinafrique.com/annonce/autres-animaux/buf-1606230","","","",""
"1739019290-35","https://sn.coinafrique.com/categorie/autres-animaux?page=5","Chat siamois","https://sn.coinafrique.com/annonce/autres-animaux/chat-siamois-1825906","","","Dakar, Sénégal",""
"1739019293-36","https://sn.coinafrique.com/categorie/autres-animaux?page=5","Dindon rouge","https://sn.coinafrique.com/annonce/autres-animaux/dindon-rouge-1890125","","","Mermoz-Sacré-Cœur, Dakar, Sénégal",""
"1739019295-37","https://sn.coinafrique.com/categorie/autres-animaux?page=5","Chat Siamois","https://sn.coinafrique.com/annonce/autres-animaux/chat-siamois-1899735","","","Fann, Dakar, Sénégal",""
"1739019298-38","https://sn.coinafrique.com/categorie/autres-animaux?page=5","Perruches","https://sn.coinafrique.com/annonce/autres-animaux/perruches-1934309","Perroquet perruches ondulées","20 000 CFA","Fann, Dakar, Sénégal",""
"1739019301-39","https://sn.coinafrique.com/categorie/autres-animaux?page=5","Chaton Persan","https://sn.coinafrique.com/annonce/autres-animaux/chaton-persan-1935403","","","Fann, Dakar, Sénégal",""
"1739019304-40","https://sn.coinafrique.com/categorie/autres-animaux?page=5","Vaches","https://sn.coinafrique.com/annonce/autres-animaux/vaches-1935629","","","Diourbel, Sénégal",""
"1739019307-41","https://sn.coinafrique.com/categorie/autres-animaux?page=5","Bœufs","https://sn.coinafrique.com/annonce/autres-animaux/bufs-1954085","","","",""
"1739019310-42","https://sn.coinafrique.com/categorie/autres-animaux?page=5","Chaton","https://sn.coinafrique.com/annonce/autres-animaux/chaton-1962491","","","Fann, Dakar, Sénégal",""
"1739019312-43","https://sn.coinafrique.com/categorie/autres-animaux?page=5","Boeuf","https://sn.coinafrique.com/annonce/autres-animaux/boeuf-1998573","","","Dakar Plateau, Dakar, Sénégal",""
"1739019315-44","https://sn.coinafrique.com/categorie/autres-animaux?page=5","Chaton persan chinchilla","https://sn.coinafrique.com/annonce/autres-animaux/chaton-persan-chinchilla-2025374","","","Fann-Point E-Amitié, Dakar, Sénégal",""
"1739019318-45","https://sn.coinafrique.com/categorie/autres-animaux?page=5","Chaton persan blanc","https://sn.coinafrique.com/annonce/autres-animaux/chaton-persan-blanc-2052355","","","Fann, Dakar, Sénégal",""
"1739019321-46","https://sn.coinafrique.com/categorie/autres-animaux?page=5","Chèvre Race Boer","https://sn.coinafrique.com/annonce/autres-animaux/chevre-race-boer-2061898","","","Patte d'oie, Dakar, Sénégal",""
"1739019324-47","https://sn.coinafrique.com/categorie/autres-animaux?page=5","Boeuf","https://sn.coinafrique.com/annonce/autres-animaux/boeuf-2088141","","","Sicap Liberté, Dakar, Sénégal",""
"1739019327-48","https://sn.coinafrique.com/categorie/autres-animaux?page=5","Boeuf","https://sn.coinafrique.com/annonce/autres-animaux/boeuf-2101700","","","Fann, Dakar, Sénégal",""
"1739019330-49","https://sn.coinafrique.com/categorie/autres-animaux?page=5","Bœuf élevage","https://sn.coinafrique.com/annonce/autres-animaux/buf-elevage-2147334","","","",""
"1739019333-50","https://sn.coinafrique.com/categorie/autres-animaux?page=5","Boeufs","https://sn.coinafrique.com/annonce/autres-animaux/boeufs-2161624","","","Dakar, Sénégal",""
"1739019335-51","https://sn.coinafrique.com/categorie/autres-animaux?page=5","Poussins brahman et cochin","https://sn.coinafrique.com/annonce/autres-animaux/poussins-brahman-et-cochin-2230369","","","Keur Massar, Sénégal",""
"1739019338-52","https://sn.coinafrique.com/categorie/autres-animaux?page=5","Boeufs","https://sn.coinafrique.com/annonce/autres-animaux/boeufs-2239779","","","Bambey, Sénégal",""
"1739019341-53","https://sn.coinafrique.com/categorie/autres-animaux?page=5","Chaton york chocolat","https://sn.coinafrique.com/annonce/autres-animaux/chaton-york-chocolat-2240976","","","Dakar, Sénégal",""
"1739019344-54","https://sn.coinafrique.com/categorie/autres-animaux?page=5","Taureau Nélore","https://sn.coinafrique.com/annonce/autres-animaux/taureau-nelore-2251055","","","Guediawaye, Dakar, Sénégal",""
"1739019347-55","https://sn.coinafrique.com/categorie/autres-animaux?page=5","Oies","https://sn.coinafrique.com/annonce/autres-animaux/oies-2275120","","","Dakar, Sénégal",""
"1739019350-56","https://sn.coinafrique.com/categorie/autres-animaux?page=5","Vache","https://sn.coinafrique.com/annonce/autres-animaux/vache-2276153","","","Dakar, Sénégal",""
"1739019353-57","https://sn.coinafrique.com/categorie/autres-animaux?page=5","Oies","https://sn.coinafrique.com/annonce/autres-animaux/oies-2281845","","","Medina, Dakar, Sénégal",""
"1739019356-58","https://sn.coinafrique.com/categorie/autres-animaux?page=5","Perruches","https://sn.coinafrique.com/annonce/autres-animaux/perruches-2296024","Perroquet perruches ondulées","20 000 CFA","Point E, Dakar, Sénégal",""
"1739019359-59","https://sn.coinafrique.com/categorie/autres-animaux?page=5","Kittens / chatons","https://sn.coinafrique.com/annonce/autres-animaux/kittens-chatons-2319268","","","Yoff, Dakar, Sénégal",""
"1739019361-60","https://sn.coinafrique.com/categorie/autres-animaux?page=5","Dinde","https://sn.coinafrique.com/annonce/autres-animaux/dinde-2351112","","","Dakar, Sénégal",""
"1739019364-61","https://sn.coinafrique.com/categorie/autres-animaux?page=5","Chat blanc turc","https://sn.coinafrique.com/annonce/autres-animaux/chat-blanc-turc-2388043","","","Mermoz-Sacré Coeur, Dakar, Sénégal",""
"1739019367-62","https://sn.coinafrique.com/categorie/autres-animaux?page=5","Couples Paons","https://sn.coinafrique.com/annonce/autres-animaux/couples-paons-2394305","","","Keur Massar, Sénégal",""
"1739019370-63","https://sn.coinafrique.com/categorie/autres-animaux?page=5","Souris blanc","https://sn.coinafrique.com/annonce/autres-animaux/souris-blanc-2407511","","","Hann Bel-Air, Dakar, Sénégal",""
"1739019373-64","https://sn.coinafrique.com/categorie/autres-animaux?page=5","Dindes","https://sn.coinafrique.com/annonce/autres-animaux/dindes-2421638","","","Mbour, Sénégal",""
"1739019375-65","https://sn.coinafrique.com/categorie/autres-animaux?page=5","Géniteur hollandais Holstein","https://sn.coinafrique.com/annonce/autres-animaux/geniteur-hollandais-holstein-2430101","","","Mboro, Sénégal",""
"1739019378-66","https://sn.coinafrique.com/categorie/autres-animaux?page=5","Vaches hollandaises","https://sn.coinafrique.com/annonce/autres-animaux/vaches-hollandaises-2434087","","","Saint Louis, Sénégal",""
"1739019381-67","https://sn.coinafrique.com/categorie/autres-animaux?page=5","Oies","https://sn.coinafrique.com/annonce/autres-animaux/oies-2550824","","","Diourbel, Sénégal",""
"1739019384-68","https://sn.coinafrique.com/categorie/autres-animaux?page=5","Oiseau Maknol","https://sn.coinafrique.com/annonce/autres-animaux/oiseau-maknol-2583338","","","Kaffrine, Sénégal",""
"1739019387-69","https://sn.coinafrique.com/categorie/autres-animaux?page=5","Oie","https://sn.coinafrique.com/annonce/autres-animaux/oie-2630503","","","Mbour, Sénégal",""
"1739019389-70","https://sn.coinafrique.com/categorie/autres-animaux?page=5","Chatons","https://sn.coinafrique.com/annonce/autres-animaux/chatons-2637004","","","Gorée, Dakar, Sénégal",""
"1739019392-71","https://sn.coinafrique.com/categorie/autres-animaux?page=5","Paon bleu","https://sn.coinafrique.com/annonce/autres-animaux/paon-bleu-2663712","","","Dakar, Sénégal",""
"1739019395-72","https://sn.coinafrique.com/categorie/autres-animaux?page=5","Bouc chèvre","https://sn.coinafrique.com/annonce/autres-animaux/bouc-chevre-2673741","","","Diamniadio, Sénégal",""
"1739019398-73","https://sn.coinafrique.com/categorie/autres-animaux?page=5","Chèvre Bouc de race","https://sn.coinafrique.com/annonce/autres-animaux/chevre-bouc-de-race-2675855","","","Louga, Sénégal",""
"1739019401-74","https://sn.coinafrique.com/categorie/autres-animaux?page=5","Vaches laitières","https://sn.coinafrique.com/annonce/autres-animaux/vaches-laitieres-2687649","","","Mbour, Sénégal",""
"1739019404-75","https://sn.coinafrique.com/categorie/autres-animaux?page=5","Bœufs","https://sn.coinafrique.com/annonce/autres-animaux/bufs-2694719","","","",""
"1739019406-76","https://sn.coinafrique.com/categorie/autres-animaux?page=5","Bœufs","https://sn.coinafrique.com/annonce/autres-animaux/bufs-2694720","","","",""
"1739019409-77","https://sn.coinafrique.com/categorie/autres-animaux?page=5","Bœufs","https://sn.coinafrique.com/annonce/autres-animaux/bufs-2694722","","","",""
"1739019412-78","https://sn.coinafrique.com/categorie/autres-animaux?page=5","Âne Arabe","https://sn.coinafrique.com/annonce/autres-animaux/ane-arabe-2697117","","","",""
"1739019415-79","https://sn.coinafrique.com/categorie/autres-animaux?page=5","Olpliitone 20 jours","https://sn.coinafrique.com/annonce/autres-animaux/olpliitone-20-jours-2701057","","","Dakar, Sénégal",""
"1739019418-80","https://sn.coinafrique.com/categorie/autres-animaux?page=5","Canard","https://sn.coinafrique.com/annonce/autres-animaux/canard-2703622","","","Mamelles, Dakar, Sénégal",""
"1739019420-81","https://sn.coinafrique.com/categorie/autres-animaux?page=5","Vache","https://sn.coinafrique.com/annonce/autres-animaux/vache-2709747","","","Louga, Sénégal",""
"1739019423-82","https://sn.coinafrique.com/categorie/autres-animaux?page=5","Dinde d'amérique","https://sn.coinafrique.com/annonce/autres-animaux/dinde-damerique-2735977","","","",""
"1739019426-83","https://sn.coinafrique.com/categorie/autres-animaux?page=5","Chaton Angora Turc","https://sn.coinafrique.com/annonce/autres-animaux/chaton-angora-turc-2826620","","","Dakar, Sénégal",""
"1739019429-84","https://sn.coinafrique.com/categorie/autres-animaux?page=5","Vache","https://sn.coinafrique.com/annonce/autres-animaux/vache-2846588","","","Bambey, Sénégal",""
"1739019432-85","https://sn.coinafrique.com/categorie/autres-animaux?page=5","Chaton angora","https://sn.coinafrique.com/annonce/autres-animaux/chaton-angora-2851191","","","Fann, Dakar, Sénégal",""
"1739019435-86","https://sn.coinafrique.com/categorie/autres-animaux?page=5","Veau","https://sn.coinafrique.com/annonce/autres-animaux/veau-2856538","","","HLM, Dakar, Sénégal",""
"1739019437-87","https://sn.coinafrique.com/categorie/autres-animaux?page=5","Chatons","https://sn.coinafrique.com/annonce/autres-animaux/chatons-2860327","","","Grand Dakar, Dakar, Sénégal",""
"1739019440-88","https://sn.coinafrique.com/categorie/autres-animaux?page=5","Canard Colvert","https://sn.coinafrique.com/annonce/autres-animaux/canard-colvert-2876451","","","Thies, Sénégal",""
"1739019443-89","https://sn.coinafrique.com/categorie/autres-animaux?page=5","Bouc race laitière","https://sn.coinafrique.com/annonce/autres-animaux/bouc-race-laitiere-2881915","","","Saly, Sénégal",""
"1739019446-90","https://sn.coinafrique.com/categorie/autres-animaux?page=5","Chaton noir blanc","https://sn.coinafrique.com/annonce/autres-animaux/chaton-noir-blanc-2886750","","","Mamelles, Dakar, Sénégal",""
"1739019449-91","https://sn.coinafrique.com/categorie/autres-animaux?page=5","Dinde rouge","https://sn.coinafrique.com/annonce/autres-animaux/dinde-rouge-2888081","","","Louga, Sénégal",""
"1739019451-92","https://sn.coinafrique.com/categorie/autres-animaux?page=5","Perruches - inséparables","https://sn.coinafrique.com/annonce/autres-animaux/perruches-inseparables-2896567","","","Parcelle Assainies, Dakar, Sénégal",""
"1739019454-93","https://sn.coinafrique.com/categorie/autres-animaux?page=5","Jument arabe","https://sn.coinafrique.com/annonce/autres-animaux/jument-arabe-2924412","","","Kébémer, Sénégal",""
"1739019457-94","https://sn.coinafrique.com/categorie/autres-animaux?page=5","Perroquet Sénégal avec cage","https://sn.coinafrique.com/annonce/autres-animaux/perroquet-senegal-avec-cage-2930350","","","Ngor, Dakar, Sénégal",""
"1739019460-95","https://sn.coinafrique.com/categorie/autres-animaux?page=5","Couple oie de toulouse adulte","https://sn.coinafrique.com/annonce/autres-animaux/couple-oie-de-toulouse-adulte-2936871","","","Mbour, Sénégal",""
"1739019463-96","https://sn.coinafrique.com/categorie/autres-animaux?page=5","Chaton Angora turque","https://sn.coinafrique.com/annonce/autres-animaux/chaton-angora-turque-2966724","","","Grand Dakar, Dakar, Sénégal",""
"1739019466-97","https://sn.coinafrique.com/categorie/autres-animaux?page=5","Bœuf","https://sn.coinafrique.com/annonce/autres-animaux/buf-2968890","","","",""
"1739019468-98","https://sn.coinafrique.com/categorie/autres-animaux?page=5","Porc","https://sn.coinafrique.com/annonce/autres-animaux/porc-3004606","","","Dakar, Sénégal",""
"1739019471-99","https://sn.coinafrique.com/categorie/autres-animaux?page=5","Laor noir","https://sn.coinafrique.com/annonce/autres-animaux/laor-noir-3005811","","","Mbour, Sénégal",""
"1739019474-100","https://sn.coinafrique.com/categorie/autres-animaux?page=5","Bœuf","https://sn.coinafrique.com/annonce/autres-animaux/buf-3012014","","","",""
"1739019480-101","https://sn.coinafrique.com/categorie/autres-animaux?page=4","Cheval","https://sn.coinafrique.com/annonce/autres-animaux/cheval-3012715","","","Dakar, Sénégal",""
"1739019483-102","https://sn.coinafrique.com/categorie/autres-animaux?page=4","Oie adulte","https://sn.coinafrique.com/annonce/autres-animaux/oie-adulte-3025291","","","Dakar, Sénégal",""
"1739019486-103","https://sn.coinafrique.com/categorie/autres-animaux?page=4","Oisillons","https://sn.coinafrique.com/annonce/autres-animaux/oisillons-3026572","","","Dakar, Sénégal",""
"1739019489-104","https://sn.coinafrique.com/categorie/autres-animaux?page=4","Taureau géniteur laitier","https://sn.coinafrique.com/annonce/autres-animaux/taureau-geniteur-laitier-3039728","","","Sicap Liberté, Dakar, Sénégal",""
"1739019491-105","https://sn.coinafrique.com/categorie/autres-animaux?page=4","Cheval","https://sn.coinafrique.com/annonce/autres-animaux/cheval-3053064","","","Dakar, Sénégal",""
"1739019494-106","https://sn.coinafrique.com/categorie/autres-animaux?page=4","Chaton","https://sn.coinafrique.com/annonce/autres-animaux/chaton-3054622","","","Almadies, Dakar, Sénégal",""
"1739019497-107","https://sn.coinafrique.com/categorie/autres-animaux?page=4","Taureau - géniteur laitier","https://sn.coinafrique.com/annonce/autres-animaux/taureau-geniteur-laitier-3087054","","","Sicap Liberté, Dakar, Sénégal",""
"1739019500-108","https://sn.coinafrique.com/categorie/autres-animaux?page=4","Couple perruche arc en ciel","https://sn.coinafrique.com/annonce/autres-animaux/couple-perruche-arc-en-ciel-3092218","","","Mermoz-Sacré Coeur, Dakar, Sénégal",""
"1739019503-109","https://sn.coinafrique.com/categorie/autres-animaux?page=4","Trio dindes d’amérique","https://sn.coinafrique.com/annonce/autres-animaux/trio-dindes-damerique-3092550","","","",""
"1739019506-110","https://sn.coinafrique.com/categorie/autres-animaux?page=4","Vache","https://sn.coinafrique.com/annonce/autres-animaux/vache-3095614","","","HLM, Dakar, Sénégal",""
"1739019508-111","https://sn.coinafrique.com/categorie/autres-animaux?page=4","Couple perruches ondulées","https://sn.coinafrique.com/annonce/autres-animaux/couple-perruches-ondulees-3116528","Perroquet perruches ondulées","20 000 CFA","Mermoz-Sacré Coeur, Dakar, Sénégal",""
"1739019511-112","https://sn.coinafrique.com/categorie/autres-animaux?page=4","Oiseaux exotiques","https://sn.coinafrique.com/annonce/autres-animaux/oiseaux-exotiques-3119376","","","Dakar, Sénégal",""
"1739019514-113","https://sn.coinafrique.com/categorie/autres-animaux?page=4","Couple colvert","https://sn.coinafrique.com/annonce/autres-animaux/couple-colvert-3127244","","","Dakar, Sénégal",""
"1739019517-114","https://sn.coinafrique.com/categorie/autres-animaux?page=4","Oie géant","https://sn.coinafrique.com/annonce/autres-animaux/oie-geant-3133835","","","Mbour, Sénégal",""
"1739019520-115","https://sn.coinafrique.com/categorie/autres-animaux?page=4","Boeuf","https://sn.coinafrique.com/annonce/autres-animaux/boeuf-3140204","","","Bambey, Sénégal",""
"1739019522-116","https://sn.coinafrique.com/categorie/autres-animaux?page=4","Poisson vivant","https://sn.coinafrique.com/annonce/autres-animaux/poisson-vivant-3140939","","","Yoff, Dakar, Sénégal",""
"1739019525-117","https://sn.coinafrique.com/categorie/autres-animaux?page=4","Rat","https://sn.coinafrique.com/annonce/autres-animaux/rat-3156125","","","Almadies, Dakar, Sénégal",""
"1739019528-118","https://sn.coinafrique.com/categorie/autres-animaux?page=4","Paonneau","https://sn.coinafrique.com/annonce/autres-animaux/paonneau-3164991","","","Mbao, Dakar, Sénégal",""
"1739019531-119","https://sn.coinafrique.com/categorie/autres-animaux?page=4","Dinde","https://sn.coinafrique.com/annonce/autres-animaux/dinde-3165522","","","Touba, Sénégal",""
"1739019534-120","https://sn.coinafrique.com/categorie/autres-animaux?page=4","Couple dinde","https://sn.coinafrique.com/annonce/autres-animaux/couple-dinde-3169645","","","Touba, Sénégal",""
"1739019536-121","https://sn.coinafrique.com/categorie/autres-animaux?page=4","Cailles","https://sn.coinafrique.com/annonce/autres-animaux/cailles-3169648","","","Touba, Sénégal",""
"1739019539-122","https://sn.coinafrique.com/categorie/autres-animaux?page=4","Cheval","https://sn.coinafrique.com/annonce/autres-animaux/cheval-3169679","","","Pikine, Sénégal",""
"1739019542-123","https://sn.coinafrique.com/categorie/autres-animaux?page=4","Oies","https://sn.coinafrique.com/annonce/autres-animaux/oies-3172006","","","Dakar, Sénégal",""
"1739019545-124","https://sn.coinafrique.com/categorie/autres-animaux?page=4","Oies","https://sn.coinafrique.com/annonce/autres-animaux/oies-3172011","","","Dakar, Sénégal",""
"1739019548-125","https://sn.coinafrique.com/categorie/autres-animaux?page=4","Perruches ondulées","https://sn.coinafrique.com/annonce/autres-animaux/perruches-ondulees-3215371","Perroquet perruches ondulées","20 000 CFA","Point E, Dakar, Sénégal",""
"1739019550-126","https://sn.coinafrique.com/categorie/autres-animaux?page=4","Chatons 2 et 3 mois","https://sn.coinafrique.com/annonce/autres-animaux/chatons-2-et-3-mois-3222114","","","Grand Dakar, Dakar, Sénégal",""
"1739019553-127","https://sn.coinafrique.com/categorie/autres-animaux?page=4","Bœufs","https://sn.coinafrique.com/annonce/autres-animaux/bufs-3240329","","","",""
"1739019556-128","https://sn.coinafrique.com/categorie/autres-animaux?page=4","Perruche ondulée","https://sn.coinafrique.com/annonce/autres-animaux/perruche-ondulee-3243586","Perroquet perruches ondulées","20 000 CFA","Point E, Dakar, Sénégal",""
"1739019559-129","https://sn.coinafrique.com/categorie/autres-animaux?page=4","Bœufs","https://sn.coinafrique.com/annonce/autres-animaux/bufs-3253864","","","",""
"1739019562-130","https://sn.coinafrique.com/categorie/autres-animaux?page=4","Chaton","https://sn.coinafrique.com/annonce/autres-animaux/chaton-3254310","","","Mermoz-Sacré Coeur, Dakar, Sénégal",""
"1739019565-131","https://sn.coinafrique.com/categorie/autres-animaux?page=4","Poisson aquarium","https://sn.coinafrique.com/annonce/autres-animaux/poisson-aquarium-3256827","","","Dakar Plateau, Dakar, Sénégal",""
"1739019568-132","https://sn.coinafrique.com/categorie/autres-animaux?page=4","Taureau","https://sn.coinafrique.com/annonce/autres-animaux/taureau-3263210","","","Dieuppeul-Derklé, Dakar, Sénégal",""
"1739019571-133","https://sn.coinafrique.com/categorie/autres-animaux?page=4","Taureau","https://sn.coinafrique.com/annonce/autres-animaux/taureau-3269989","","","Dieuppeul-Derklé, Dakar, Sénégal",""
"1739019573-134","https://sn.coinafrique.com/categorie/autres-animaux?page=4","Taureau","https://sn.coinafrique.com/annonce/autres-animaux/taureau-3271377","","","Parcelle Assainies, Dakar, Sénégal",""
"1739019576-135","https://sn.coinafrique.com/categorie/autres-animaux?page=4","Oies adultes","https://sn.coinafrique.com/annonce/autres-animaux/oies-adultes-3273490","","","Guediawaye, Dakar, Sénégal",""
"1739019579-136","https://sn.coinafrique.com/categorie/autres-animaux?page=4","Boeuf","https://sn.coinafrique.com/annonce/autres-animaux/boeuf-3282945","","","Grand Dakar, Dakar, Sénégal",""
"1739019582-137","https://sn.coinafrique.com/categorie/autres-animaux?page=4","Vache","https://sn.coinafrique.com/annonce/autres-animaux/vache-3287170","","","Niaga, Sénégal",""
"1739019585-138","https://sn.coinafrique.com/categorie/autres-animaux?page=4","Vache","https://sn.coinafrique.com/annonce/autres-animaux/vache-3287171","","","Niaga, Sénégal",""
"1739019587-139","https://sn.coinafrique.com/categorie/autres-animaux?page=4","Chèvre mâle","https://sn.coinafrique.com/annonce/autres-animaux/chevre-male-3315646","","","Thies, Sénégal",""
"1739019590-140","https://sn.coinafrique.com/categorie/autres-animaux?page=4","Oie gardien","https://sn.coinafrique.com/annonce/autres-animaux/oie-gardien-3316810","","","Dakar, Sénégal",""
"1739019593-141","https://sn.coinafrique.com/categorie/autres-animaux?page=4","Oie guinéen","https://sn.coinafrique.com/annonce/autres-animaux/oie-guineen-3316816","","","Dakar, Sénégal",""
"1739019596-142","https://sn.coinafrique.com/categorie/autres-animaux?page=4","Veaux","https://sn.coinafrique.com/annonce/autres-animaux/veaux-3318063","","","Dieuppeul-Derklé, Dakar, Sénégal",""
"1739019599-143","https://sn.coinafrique.com/categorie/autres-animaux?page=4","Caille","https://sn.coinafrique.com/annonce/autres-animaux/caille-3319937","","","Parcelle Assainies, Dakar, Sénégal",""
"1739019602-144","https://sn.coinafrique.com/categorie/autres-animaux?page=4","Cailleteaux","https://sn.coinafrique.com/annonce/autres-animaux/cailleteaux-3319946","","","Parcelle Assainies, Dakar, Sénégal",""
"1739019604-145","https://sn.coinafrique.com/categorie/autres-animaux?page=4","Perruche","https://sn.coinafrique.com/annonce/autres-animaux/perruche-3321530","Perroquet perruches ondulées","20 000 CFA","Hann Bel-Air, Dakar, Sénégal",""
"1739019607-146","https://sn.coinafrique.com/categorie/autres-animaux?page=4","Bœuf","https://sn.coinafrique.com/annonce/autres-animaux/buf-3330908","","","",""
"1739019610-147","https://sn.coinafrique.com/categorie/autres-animaux?page=4","Veaux","https://sn.coinafrique.com/annonce/autres-animaux/veaux-3335012","","","Dieuppeul-Derklé, Dakar, Sénégal",""
"1739019613-148","https://sn.coinafrique.com/categorie/autres-animaux?page=4","Perruches","https://sn.coinafrique.com/annonce/autres-animaux/perruches-3336754","","","Guediawaye, Dakar, Sénégal",""
"1739019616-149","https://sn.coinafrique.com/categorie/autres-animaux?page=4","Chaton","https://sn.coinafrique.com/annonce/autres-animaux/chaton-3341213","","","Almadies, Dakar, Sénégal",""
"1739019619-150","https://sn.coinafrique.com/categorie/autres-animaux?page=4","Carpe Koï","https://sn.coinafrique.com/annonce/autres-animaux/carpe-koi-3345713","","","Sénégal",""
"1739019622-151","https://sn.coinafrique.com/categorie/autres-animaux?page=4","Géniteur Holstein","https://sn.coinafrique.com/annonce/autres-animaux/geniteur-holstein-3348819","","","Dakar, Sénégal",""
"1739019624-152","https://sn.coinafrique.com/categorie/autres-animaux?page=4","Taureaux Holstein","https://sn.coinafrique.com/annonce/autres-animaux/taureaux-holstein-3348822","","","Dakar, Sénégal",""
"1739019627-153","https://sn.coinafrique.com/categorie/autres-animaux?page=4","Veaux","https://sn.coinafrique.com/annonce/autres-animaux/veaux-3350491","","","Dieuppeul-Derklé, Dakar, Sénégal",""
"1739019630-154","https://sn.coinafrique.com/categorie/autres-animaux?page=4","Autruchon","https://sn.coinafrique.com/annonce/autres-animaux/autruchon-3357168","","","Guediawaye, Dakar, Sénégal",""
"1739019633-155","https://sn.coinafrique.com/categorie/autres-animaux?page=4","Caille","https://sn.coinafrique.com/annonce/autres-animaux/caille-3360468","","","Mermoz-Sacré Coeur, Dakar, Sénégal",""
"1739019636-156","https://sn.coinafrique.com/categorie/autres-animaux?page=4","Couple hermine","https://sn.coinafrique.com/annonce/autres-animaux/couple-hermine-3369362","","","Dakar, Sénégal",""
"1739019639-157","https://sn.coinafrique.com/categorie/autres-animaux?page=4","Bœuf","https://sn.coinafrique.com/annonce/autres-animaux/buf-3369906","","","",""
"1739019642-158","https://sn.coinafrique.com/categorie/autres-animaux?page=4","Cailles","https://sn.coinafrique.com/annonce/autres-animaux/cailles-3371486","","","Mermoz-Sacré Coeur, Dakar, Sénégal",""
"1739019644-159","https://sn.coinafrique.com/categorie/autres-animaux?page=4","Paon bleu adulte","https://sn.coinafrique.com/annonce/autres-animaux/paon-bleu-adulte-3372722","","","Keur Massar, Sénégal",""
"1739019647-160","https://sn.coinafrique.com/categorie/autres-animaux?page=4","Trio de paon bleu","https://sn.coinafrique.com/annonce/autres-animaux/trio-de-paon-bleu-3389732","","","Mbao, Dakar, Sénégal",""
"1739019650-161","https://sn.coinafrique.com/categorie/autres-animaux?page=4","Perruches","https://sn.coinafrique.com/annonce/autres-animaux/perruches-3395087","","","Guediawaye, Dakar, Sénégal",""
"1739019653-162","https://sn.coinafrique.com/categorie/autres-animaux?page=4","Cailles","https://sn.coinafrique.com/annonce/autres-animaux/cailles-3405018","","","Mermoz-Sacré Coeur, Dakar, Sénégal",""
"1739019656-163","https://sn.coinafrique.com/categorie/autres-animaux?page=4","Oies de toulouse","https://sn.coinafrique.com/annonce/autres-animaux/oies-de-toulouse-3413662","","","Mbour, Sénégal",""
"1739019659-164","https://sn.coinafrique.com/categorie/autres-animaux?page=4","Paire d'oie","https://sn.coinafrique.com/annonce/autres-animaux/paire-doie-3418166","","","",""
"1739019662-165","https://sn.coinafrique.com/categorie/autres-animaux?page=4","Canards","https://sn.coinafrique.com/annonce/autres-animaux/canards-3422543","","","Dakar, Sénégal",""
"1739019664-166","https://sn.coinafrique.com/categorie/autres-animaux?page=4","Couple dinde rouge","https://sn.coinafrique.com/annonce/autres-animaux/couple-dinde-rouge-3425196","","","Dakar, Sénégal",""
"1739019667-167","https://sn.coinafrique.com/categorie/autres-animaux?page=4","Bœufs","https://sn.coinafrique.com/annonce/autres-animaux/bufs-3448056","","","",""
"1739019670-168","https://sn.coinafrique.com/categorie/autres-animaux?page=4","Chaton siamois","https://sn.coinafrique.com/annonce/autres-animaux/chaton-siamois-3450631","","","Grand Dakar, Dakar, Sénégal",""
"1739019673-169","https://sn.coinafrique.com/categorie/autres-animaux?page=4","Dindes","https://sn.coinafrique.com/annonce/autres-animaux/dindes-3474757","","","Parcelle Assainies, Dakar, Sénégal",""
"1739019676-170","https://sn.coinafrique.com/categorie/autres-animaux?page=4","Bœuf","https://sn.coinafrique.com/annonce/autres-animaux/buf-3492877","","","",""
"1739019679-171","https://sn.coinafrique.com/categorie/autres-animaux?page=4","Oies de toulouse","https://sn.coinafrique.com/annonce/autres-animaux/oies-de-toulouse-3496368","","","Dakar, Sénégal",""
"1739019681-172","https://sn.coinafrique.com/categorie/autres-animaux?page=4","Paon","https://sn.coinafrique.com/annonce/autres-animaux/paon-3500261","","","Mermoz-Sacré Coeur, Dakar, Sénégal",""
"1739019684-173","https://sn.coinafrique.com/categorie/autres-animaux?page=4","Hamster","https://sn.coinafrique.com/annonce/autres-animaux/hamster-3502571","","","Mbao, Dakar, Sénégal",""
"1739019687-174","https://sn.coinafrique.com/categorie/autres-animaux?page=4","Bœufs","https://sn.coinafrique.com/annonce/autres-animaux/bufs-3509381","","","",""
"1739019690-175","https://sn.coinafrique.com/categorie/autres-animaux?page=4","Chat persan chinchilla","https://sn.coinafrique.com/annonce/autres-animaux/chat-persan-chinchilla-3515163","","","Fann-Point E-Amitié, Dakar, Sénégal",""
"1739019693-176","https://sn.coinafrique.com/categorie/autres-animaux?page=4","Cheval","https://sn.coinafrique.com/annonce/autres-animaux/cheval-3515231","","","Dakar, Sénégal",""
"1739019696-177","https://sn.coinafrique.com/categorie/autres-animaux?page=4","Cochon dinde","https://sn.coinafrique.com/annonce/autres-animaux/cochon-dinde-3520065","","","Thies, Sénégal",""
"1739019699-178","https://sn.coinafrique.com/categorie/autres-animaux?page=4","Cochon dinde","https://sn.coinafrique.com/annonce/autres-animaux/cochon-dinde-3520078","","","Thies, Sénégal",""
"1739019701-179","https://sn.coinafrique.com/categorie/autres-animaux?page=4","Cochon dinde","https://sn.coinafrique.com/annonce/autres-animaux/cochon-dinde-3520084","","","Thies, Sénégal",""
"1739019704-180","https://sn.coinafrique.com/categorie/autres-animaux?page=4","Bouc Espagnol","https://sn.coinafrique.com/annonce/autres-animaux/bouc-espagnol-3523752","","","Louga, Sénégal",""
"1739019707-181","https://sn.coinafrique.com/categorie/autres-animaux?page=4","Hamsters","https://sn.coinafrique.com/annonce/autres-animaux/hamsters-3525591","","","Mbao, Dakar, Sénégal",""
"1739019710-182","https://sn.coinafrique.com/categorie/autres-animaux?page=4","Jeune cheval","https://sn.coinafrique.com/annonce/autres-animaux/jeune-cheval-3526170","","","Dakar, Sénégal",""
"1739019713-183","https://sn.coinafrique.com/categorie/autres-animaux?page=4","Bœufs","https://sn.coinafrique.com/annonce/autres-animaux/bufs-3544114","","","",""
"1739019715-184","https://sn.coinafrique.com/categorie/autres-animaux?page=4","Cheval","https://sn.coinafrique.com/annonce/autres-animaux/cheval-3569117","","","Saint Louis, Sénégal",""
"1739019721-185","https://sn.coinafrique.com/categorie/autres-animaux?page=3","Poussins  d’oies","https://sn.coinafrique.com/annonce/autres-animaux/poussins-doies-3569402","","","",""
"1739019724-186","https://sn.coinafrique.com/categorie/autres-animaux?page=3","Dinde mâle","https://sn.coinafrique.com/annonce/autres-animaux/dinde-male-3575899","","","Dakar, Sénégal",""
"1739019727-187","https://sn.coinafrique.com/categorie/autres-animaux?page=3","Poussin caille","https://sn.coinafrique.com/annonce/autres-animaux/poussin-caille-3576048","","","Parcelle Assainies, Dakar, Sénégal",""
"1739019730-188","https://sn.coinafrique.com/categorie/autres-animaux?page=3","Caille","https://sn.coinafrique.com/annonce/autres-animaux/caille-3607957","","","Kaolack, Sénégal",""
"1739019733-189","https://sn.coinafrique.com/categorie/autres-animaux?page=3","Chatons","https://sn.coinafrique.com/annonce/autres-animaux/chatons-3613416","","","Fann, Dakar, Sénégal",""
"1739019736-190","https://sn.coinafrique.com/categorie/autres-animaux?page=3","Taurillon laitier","https://sn.coinafrique.com/annonce/autres-animaux/taurillon-laitier-3613432","","","Sicap Liberté, Dakar, Sénégal",""
"1739019739-191","https://sn.coinafrique.com/categorie/autres-animaux?page=3","Cochons","https://sn.coinafrique.com/annonce/autres-animaux/cochons-3614166","","","Mbour, Sénégal",""
"1739019741-192","https://sn.coinafrique.com/categorie/autres-animaux?page=3","Hamster","https://sn.coinafrique.com/annonce/autres-animaux/hamster-3615764","","","Mbao, Dakar, Sénégal",""
"1739019744-193","https://sn.coinafrique.com/categorie/autres-animaux?page=3","Chaton Angora","https://sn.coinafrique.com/annonce/autres-animaux/chaton-angora-3634435","","","Fann, Dakar, Sénégal",""
"1739019747-194","https://sn.coinafrique.com/categorie/autres-animaux?page=3","Boeuf","https://sn.coinafrique.com/annonce/autres-animaux/boeuf-3645462","","","Niaga, Sénégal",""
"1739019750-195","https://sn.coinafrique.com/categorie/autres-animaux?page=3","Boeuf","https://sn.coinafrique.com/annonce/autres-animaux/boeuf-3645463","","","Niaga, Sénégal",""
"1739019753-196","https://sn.coinafrique.com/categorie/autres-animaux?page=3","Oie géant","https://sn.coinafrique.com/annonce/autres-animaux/oie-geant-3646953","","","Mbour, Sénégal",""
"1739019756-197","https://sn.coinafrique.com/categorie/autres-animaux?page=3","Boeufs","https://sn.coinafrique.com/annonce/autres-animaux/boeufs-3651241","","","Niaga, Sénégal",""
"1739019759-198","https://sn.coinafrique.com/categorie/autres-animaux?page=3","Chaton siamois","https://sn.coinafrique.com/annonce/autres-animaux/chaton-siamois-3671821","","","Fann, Dakar, Sénégal",""
"1739019761-199","https://sn.coinafrique.com/categorie/autres-animaux?page=3","Perroquet grand Haras","https://sn.coinafrique.com/annonce/autres-animaux/perroquet-grand-haras-3672216","","","Yoff, Dakar, Sénégal",""
"1739019764-200","https://sn.coinafrique.com/categorie/autres-animaux?page=3","Caille","https://sn.coinafrique.com/annonce/autres-animaux/caille-3679001","","","Sicap foire, Dakar, Sénégal",""
"1739019767-201","https://sn.coinafrique.com/categorie/autres-animaux?page=3","Chaton Angora","https://sn.coinafrique.com/annonce/autres-animaux/chaton-angora-3681874","","","Fann, Dakar, Sénégal",""
"1739019770-202","https://sn.coinafrique.com/categorie/autres-animaux?page=3","Paire colverts de Rouen","https://sn.coinafrique.com/annonce/autres-animaux/paire-colverts-de-rouen-3686752","","","Mboro, Sénégal",""
"1739019773-203","https://sn.coinafrique.com/categorie/autres-animaux?page=3","Hamster","https://sn.coinafrique.com/annonce/autres-animaux/hamster-3689324","","","Mbao, Dakar, Sénégal",""
"1739019776-204","https://sn.coinafrique.com/categorie/autres-animaux?page=3","Boeuf","https://sn.coinafrique.com/annonce/autres-animaux/boeuf-3691179","","","Niaga, Sénégal",""
"1739019779-205","https://sn.coinafrique.com/categorie/autres-animaux?page=3","Perruches ondulées","https://sn.coinafrique.com/annonce/autres-animaux/perruches-ondulees-3693176","Perroquet perruches ondulées","20 000 CFA","Guediawaye, Dakar, Sénégal",""
"1739019781-206","https://sn.coinafrique.com/categorie/autres-animaux?page=3","Oie","https://sn.coinafrique.com/annonce/autres-animaux/oie-3719072","","","Niaga, Sénégal",""
"1739019784-207","https://sn.coinafrique.com/categorie/autres-animaux?page=3","Vache","https://sn.coinafrique.com/annonce/autres-animaux/vache-3734952","","","Niaga, Sénégal",""
"1739019787-208","https://sn.coinafrique.com/categorie/autres-animaux?page=3","Couple cochons d'inde","https://sn.coinafrique.com/annonce/autres-animaux/couple-cochons-dinde-3738425","","","",""
"1739019790-209","https://sn.coinafrique.com/categorie/autres-animaux?page=3","Sacs de foin - Ngogne","https://sn.coinafrique.com/annonce/autres-animaux/sacs-de-foin-ngogne-3747916","","","Saint Louis, Sénégal",""
"1739019793-210","https://sn.coinafrique.com/categorie/autres-animaux?page=3","Canard","https://sn.coinafrique.com/annonce/autres-animaux/canard-3761752","","","Diamniadio, Sénégal",""
"1739019796-211","https://sn.coinafrique.com/categorie/autres-animaux?page=3","Paire Oie","https://sn.coinafrique.com/annonce/autres-animaux/paire-oie-3763969","","","Guediawaye, Dakar, Sénégal",""
"1739019799-212","https://sn.coinafrique.com/categorie/autres-animaux?page=3","Oiseaux exotiques","https://sn.coinafrique.com/annonce/autres-animaux/oiseaux-exotiques-3773129","","","Dakar, Sénégal",""
"1739019802-213","https://sn.coinafrique.com/categorie/autres-animaux?page=3","Veaux","https://sn.coinafrique.com/annonce/autres-animaux/veaux-3775233","","","Diamniadio, Sénégal",""
"1739019805-214","https://sn.coinafrique.com/categorie/autres-animaux?page=3","Couple Hamster","https://sn.coinafrique.com/annonce/autres-animaux/couple-hamster-3779809","","","Dakar, Sénégal",""
"1739019807-215","https://sn.coinafrique.com/categorie/autres-animaux?page=3","Hamster","https://sn.coinafrique.com/annonce/autres-animaux/hamster-3780966","","","Sacré-Coeur, Dakar, Sénégal",""
"1739019810-216","https://sn.coinafrique.com/categorie/autres-animaux?page=3","Veau","https://sn.coinafrique.com/annonce/autres-animaux/veau-3784229","","","Biscuiterie, Dakar, Sénégal",""
"1739019813-217","https://sn.coinafrique.com/categorie/autres-animaux?page=3","Cailles","https://sn.coinafrique.com/annonce/autres-animaux/cailles-3797181","","","Keur Massar, Sénégal",""
"1739019816-218","https://sn.coinafrique.com/categorie/autres-animaux?page=3","Vache","https://sn.coinafrique.com/annonce/autres-animaux/vache-3798116","","","Niaga, Sénégal",""
"1739019819-219","https://sn.coinafrique.com/categorie/autres-animaux?page=3","Peruche ondulée","https://sn.coinafrique.com/annonce/autres-animaux/peruche-ondulee-3803986","Perroquet perruches ondulées","20 000 CFA","Dakar Plateau, Dakar, Sénégal",""
"1739019822-220","https://sn.coinafrique.com/categorie/autres-animaux?page=3","Vache","https://sn.coinafrique.com/annonce/autres-animaux/vache-3804681","","","Bambey, Sénégal",""
"1739019825-221","https://sn.coinafrique.com/categorie/autres-animaux?page=3","Hamster dorée","https://sn.coinafrique.com/annonce/autres-animaux/hamster-doree-3814562","","","Sacré-Coeur, Dakar, Sénégal",""
"1739019827-222","https://sn.coinafrique.com/categorie/autres-animaux?page=3","Bœuf","https://sn.coinafrique.com/annonce/autres-animaux/buf-3817866","","","",""
"1739019830-223","https://sn.coinafrique.com/categorie/autres-animaux?page=3","Bœuf","https://sn.coinafrique.com/annonce/autres-animaux/buf-3819174","","","",""
"1739019833-224","https://sn.coinafrique.com/categorie/autres-animaux?page=3","Vache","https://sn.coinafrique.com/annonce/autres-animaux/vache-3850590","","","Biscuiterie, Dakar, Sénégal",""
"1739019836-225","https://sn.coinafrique.com/categorie/autres-animaux?page=3","Cobaye mâle","https://sn.coinafrique.com/annonce/autres-animaux/cobaye-male-3868453","","","",""
"1739019839-226","https://sn.coinafrique.com/categorie/autres-animaux?page=3","Œufs","https://sn.coinafrique.com/annonce/autres-animaux/ufs-3862604","","","",""
"1739019842-227","https://sn.coinafrique.com/categorie/autres-animaux?page=3","Paon","https://sn.coinafrique.com/annonce/autres-animaux/paon-3901686","","","Yoff, Dakar, Sénégal",""
"1739019845-228","https://sn.coinafrique.com/categorie/autres-animaux?page=3","Cailles","https://sn.coinafrique.com/annonce/autres-animaux/cailles-3905361","","","Ziguinchor, Sénégal",""
"1739019848-229","https://sn.coinafrique.com/categorie/autres-animaux?page=3","Chaton Scottish Fold","https://sn.coinafrique.com/annonce/autres-animaux/chaton-scottish-fold-3915043","","","Fann, Dakar, Sénégal",""
"1739019850-230","https://sn.coinafrique.com/categorie/autres-animaux?page=3","Paons bleus","https://sn.coinafrique.com/annonce/autres-animaux/paons-bleus-3916692","","","Mbour, Sénégal",""
"1739019853-231","https://sn.coinafrique.com/categorie/autres-animaux?page=3","Bœuf","https://sn.coinafrique.com/annonce/autres-animaux/buf-3916720","","","",""
"1739019856-232","https://sn.coinafrique.com/categorie/autres-animaux?page=3","Anes","https://sn.coinafrique.com/annonce/autres-animaux/anes-3916725","","","Mbour, Sénégal",""
"1739019859-233","https://sn.coinafrique.com/categorie/autres-animaux?page=3","Poissons aquarium","https://sn.coinafrique.com/annonce/autres-animaux/poissons-aquarium-3922652","","","Dakar Plateau, Dakar, Sénégal",""
"1739019862-234","https://sn.coinafrique.com/categorie/autres-animaux?page=3","Dinde","https://sn.coinafrique.com/annonce/autres-animaux/dinde-3956243","","","Touba, Sénégal",""
"1739019864-235","https://sn.coinafrique.com/categorie/autres-animaux?page=3","Paon","https://sn.coinafrique.com/annonce/autres-animaux/paon-3956247","","","Touba, Sénégal",""
"1739019867-236","https://sn.coinafrique.com/categorie/autres-animaux?page=3","Perruches ondulées","https://sn.coinafrique.com/annonce/autres-animaux/perruches-ondulees-3968286","Perroquet perruches ondulées","20 000 CFA","Guediawaye, Dakar, Sénégal",""
"1739019870-237","https://sn.coinafrique.com/categorie/autres-animaux?page=3","Chèvre","https://sn.coinafrique.com/annonce/autres-animaux/chevre-3985611","","","Dakar, Sénégal",""
"1739019873-238","https://sn.coinafrique.com/categorie/autres-animaux?page=3","Bœufs","https://sn.coinafrique.com/annonce/autres-animaux/bufs-3991901","","","",""
"1739019876-239","https://sn.coinafrique.com/categorie/autres-animaux?page=3","Bœufs","https://sn.coinafrique.com/annonce/autres-animaux/bufs-4001249","","","",""
"1739019878-240","https://sn.coinafrique.com/categorie/autres-animaux?page=3","Chat persan hymalayen","https://sn.coinafrique.com/annonce/autres-animaux/chat-persan-hymalayen-4002094","","","Ngor, Dakar, Sénégal",""
"1739019881-241","https://sn.coinafrique.com/categorie/autres-animaux?page=3","Chaton Persan","https://sn.coinafrique.com/annonce/autres-animaux/chaton-persan-4004300","","","Fann, Dakar, Sénégal",""
"1739019884-242","https://sn.coinafrique.com/categorie/autres-animaux?page=3","Perroquets Roseicollis","https://sn.coinafrique.com/annonce/autres-animaux/perroquets-roseicollis-4006084","","","Point E, Dakar, Sénégal",""
"1739019887-243","https://sn.coinafrique.com/categorie/autres-animaux?page=3","Vache","https://sn.coinafrique.com/annonce/autres-animaux/vache-4015081","","","Niaga, Sénégal",""
"1739019890-244","https://sn.coinafrique.com/categorie/autres-animaux?page=3","Jument","https://sn.coinafrique.com/annonce/autres-animaux/jument-4029052","","","Thies, Sénégal",""
"1739019892-245","https://sn.coinafrique.com/categorie/autres-animaux?page=3","Cheval","https://sn.coinafrique.com/annonce/autres-animaux/cheval-4029054","","","Thies, Sénégal",""
"1739019895-246","https://sn.coinafrique.com/categorie/autres-animaux?page=3","Oies de garde","https://sn.coinafrique.com/annonce/autres-animaux/oies-de-garde-4033376","","","Mbour, Sénégal",""
"1739019898-247","https://sn.coinafrique.com/categorie/autres-animaux?page=3","Boeuf","https://sn.coinafrique.com/annonce/autres-animaux/boeuf-4047285","","","Niaga, Sénégal",""
"1739019901-248","https://sn.coinafrique.com/categorie/autres-animaux?page=3","Perruches ondulées","https://sn.coinafrique.com/annonce/autres-animaux/perruches-ondulees-4049517","Perroquet perruches ondulées","20 000 CFA","Hann Bel-Air, Dakar, Sénégal",""
"1739019904-249","https://sn.coinafrique.com/categorie/autres-animaux?page=3","Dindons","https://sn.coinafrique.com/annonce/autres-animaux/dindons-4056115","","","Dakar, Sénégal",""
"1739019907-250","https://sn.coinafrique.com/categorie/autres-animaux?page=3","Canards","https://sn.coinafrique.com/annonce/autres-animaux/canards-4056116","","","Dakar, Sénégal",""
"1739019910-251","https://sn.coinafrique.com/categorie/autres-animaux?page=3","Dinde","https://sn.coinafrique.com/annonce/autres-animaux/dinde-4060300","","","Dakar, Sénégal",""
"1739019913-252","https://sn.coinafrique.com/categorie/autres-animaux?page=3","Oies","https://sn.coinafrique.com/annonce/autres-animaux/oies-4064457","","","Niaga, Sénégal",""
"1739019916-253","https://sn.coinafrique.com/categorie/autres-animaux?page=3","Bœufs","https://sn.coinafrique.com/annonce/autres-animaux/bufs-4089255","","","",""
"1739019919-254","https://sn.coinafrique.com/categorie/autres-animaux?page=3","Bœuf","https://sn.coinafrique.com/annonce/autres-animaux/buf-4090572","","","",""
"1739019922-255","https://sn.coinafrique.com/categorie/autres-animaux?page=3","Cheval","https://sn.coinafrique.com/annonce/autres-animaux/cheval-4092862","","","Ouakam, Dakar, Sénégal",""
"1739019925-256","https://sn.coinafrique.com/categorie/autres-animaux?page=3","Chaton angora","https://sn.coinafrique.com/annonce/autres-animaux/chaton-angora-4102298","","","Fann, Dakar, Sénégal",""
"1739019927-257","https://sn.coinafrique.com/categorie/autres-animaux?page=3","Chats siamois himalayen","https://sn.coinafrique.com/annonce/autres-animaux/chats-siamois-himalayen-4102440","","","Thies, Sénégal",""
"1739019930-258","https://sn.coinafrique.com/categorie/autres-animaux?page=3","Chèvre sahelienne","https://sn.coinafrique.com/annonce/autres-animaux/chevre-sahelienne-4103018","","","Mbour, Sénégal",""
"1739019933-259","https://sn.coinafrique.com/categorie/autres-animaux?page=3","Hamster dorée","https://sn.coinafrique.com/annonce/autres-animaux/hamster-doree-4110101","","","Sacré-Coeur, Dakar, Sénégal",""
"1739019936-260","https://sn.coinafrique.com/categorie/autres-animaux?page=3","Oies","https://sn.coinafrique.com/annonce/autres-animaux/oies-4119270","","","Thies, Sénégal",""
"1739019938-261","https://sn.coinafrique.com/categorie/autres-animaux?page=3","Vaches","https://sn.coinafrique.com/annonce/autres-animaux/vaches-4131629","","","Niaga, Sénégal",""
"1739019941-262","https://sn.coinafrique.com/categorie/autres-animaux?page=3","Chatte persane himalayenne","https://sn.coinafrique.com/annonce/autres-animaux/chatte-persane-himalayenne-4140736","","","Dakar, Sénégal",""
"1739019944-263","https://sn.coinafrique.com/categorie/autres-animaux?page=3","Canard colvert","https://sn.coinafrique.com/annonce/autres-animaux/canard-colvert-4141195","","","Almadies 2, Dakar, Sénégal",""
"1739019947-264","https://sn.coinafrique.com/categorie/autres-animaux?page=3","Perroquet","https://sn.coinafrique.com/annonce/autres-animaux/perroquet-4141464","Perroquet perruches ondulées","20 000 CFA","Dakar, Sénégal",""
"1739019950-265","https://sn.coinafrique.com/categorie/autres-animaux?page=3","Bœuf","https://sn.coinafrique.com/annonce/autres-animaux/buf-4150854","","","",""
"1739019952-266","https://sn.coinafrique.com/categorie/autres-animaux?page=3","Hamster doré","https://sn.coinafrique.com/annonce/autres-animaux/hamster-dore-4169247","","","Dakar, Sénégal",""
"1739019955-267","https://sn.coinafrique.com/categorie/autres-animaux?page=3","Dindes","https://sn.coinafrique.com/annonce/autres-animaux/dindes-4169870","","","Parcelle Assainies, Dakar, Sénégal",""
"1739019958-268","https://sn.coinafrique.com/categorie/autres-animaux?page=3","Dindes","https://sn.coinafrique.com/annonce/autres-animaux/dindes-4169875","","","Parcelle Assainies, Dakar, Sénégal",""
"1739019964-269","https://sn.coinafrique.com/categorie/autres-animaux?page=2","Dinde","https://sn.coinafrique.com/annonce/autres-animaux/dinde-4170236","","","Touba, Sénégal",""
"1739019967-270","https://sn.coinafrique.com/categorie/autres-animaux?page=2","Bœuf","https://sn.coinafrique.com/annonce/autres-animaux/buf-4179472","","","",""
"1739019970-271","https://sn.coinafrique.com/categorie/autres-animaux?page=2","Chaton siamois","https://sn.coinafrique.com/annonce/autres-animaux/chaton-siamois-4180282","","","Sacré-Coeur, Dakar, Sénégal",""
"1739019973-272","https://sn.coinafrique.com/categorie/autres-animaux?page=2","Couple de perruches","https://sn.coinafrique.com/annonce/autres-animaux/couple-de-perruches-4180902","Perroquet perruches ondulées","20 000 CFA","Thies, Sénégal",""
"1739019975-273","https://sn.coinafrique.com/categorie/autres-animaux?page=2","Perroquet","https://sn.coinafrique.com/annonce/autres-animaux/perroquet-4185842","Perroquet perruches ondulées","20 000 CFA","Dakar, Sénégal",""
"1739019978-274","https://sn.coinafrique.com/categorie/autres-animaux?page=2","Perruches","https://sn.coinafrique.com/annonce/autres-animaux/perruches-4194617","Perroquet perruches ondulées","20 000 CFA","Hann Bel-Air, Dakar, Sénégal",""
"1739019981-275","https://sn.coinafrique.com/categorie/autres-animaux?page=2","Boeuf","https://sn.coinafrique.com/annonce/autres-animaux/boeuf-4196106","","","Bambey, Sénégal",""
"1739019984-276","https://sn.coinafrique.com/categorie/autres-animaux?page=2","Cailles","https://sn.coinafrique.com/annonce/autres-animaux/cailles-4208226","","","Touba, Sénégal",""
"1739019987-277","https://sn.coinafrique.com/categorie/autres-animaux?page=2","Poissons aquarium","https://sn.coinafrique.com/annonce/autres-animaux/poissons-aquarium-4213007","","","Dakar Plateau, Dakar, Sénégal",""
"1739019989-278","https://sn.coinafrique.com/categorie/autres-animaux?page=2","Chaton Siamois Himalayen","https://sn.coinafrique.com/annonce/autres-animaux/chaton-siamois-himalayen-4215680","","","Fann, Dakar, Sénégal",""
"1739019992-279","https://sn.coinafrique.com/categorie/autres-animaux?page=2","Poussins bleus hollandais","https://sn.coinafrique.com/annonce/autres-animaux/poussins-bleus-hollandais-4223952","","","Mbao, Dakar, Sénégal",""
"1739019995-280","https://sn.coinafrique.com/categorie/autres-animaux?page=2","Paon","https://sn.coinafrique.com/annonce/autres-animaux/paon-4226444","","","Touba, Sénégal",""
"1739019998-281","https://sn.coinafrique.com/categorie/autres-animaux?page=2","Perruche","https://sn.coinafrique.com/annonce/autres-animaux/perruche-4236158","Perroquet perruches ondulées","20 000 CFA","Point E, Dakar, Sénégal",""
"1739020001-282","https://sn.coinafrique.com/categorie/autres-animaux?page=2","Paon","https://sn.coinafrique.com/annonce/autres-animaux/paon-4250701","","","Yoff, Dakar, Sénégal",""
"1739020004-283","https://sn.coinafrique.com/categorie/autres-animaux?page=2","Chaton","https://sn.coinafrique.com/annonce/autres-animaux/chaton-4254477","","","Ouest Foire, Dakar, Sénégal",""
"1739020006-284","https://sn.coinafrique.com/categorie/autres-animaux?page=2","Poissons aquariums","https://sn.coinafrique.com/annonce/autres-animaux/poissons-aquariums-4258053","","","Dakar Plateau, Dakar, Sénégal",""
"1739020009-285","https://sn.coinafrique.com/categorie/autres-animaux?page=2","Oies","https://sn.coinafrique.com/annonce/autres-animaux/oies-4263743","","","Thies, Sénégal",""
"1739020012-286","https://sn.coinafrique.com/categorie/autres-animaux?page=2","Perruches ondulées","https://sn.coinafrique.com/annonce/autres-animaux/perruches-ondulees-4268218","Perroquet perruches ondulées","20 000 CFA","Dieuppeul-Derklé, Dakar, Sénégal",""
"1739020015-287","https://sn.coinafrique.com/categorie/autres-animaux?page=2","Chat persan chinchilla golden shaded","https://sn.coinafrique.com/annonce/autres-animaux/chat-persan-chinchilla-golden-shaded-4268857","","","Sicap Liberté, Dakar, Sénégal",""
"1739020018-288","https://sn.coinafrique.com/categorie/autres-animaux?page=2","Chat persan chinchilla blue golden shaded","https://sn.coinafrique.com/annonce/autres-animaux/chat-persan-chinchilla-blue-golden-shaded-4268866","","","Sicap Liberté, Dakar, Sénégal",""
"1739020021-289","https://sn.coinafrique.com/categorie/autres-animaux?page=2","Chatons persans chinchilla golden shaded","https://sn.coinafrique.com/annonce/autres-animaux/chatons-persans-chinchilla-golden-shaded-4268926","","","Sicap Liberté, Dakar, Sénégal",""
"1739020023-290","https://sn.coinafrique.com/categorie/autres-animaux?page=2","Autruche","https://sn.coinafrique.com/annonce/autres-animaux/autruche-4274068","","","Bambey, Sénégal",""
"1739020026-291","https://sn.coinafrique.com/categorie/autres-animaux?page=2","Paon","https://sn.coinafrique.com/annonce/autres-animaux/paon-4277277","","","Mermoz-Sacré Coeur, Dakar, Sénégal",""
"1739020029-292","https://sn.coinafrique.com/categorie/autres-animaux?page=2","Canard","https://sn.coinafrique.com/annonce/autres-animaux/canard-4251761","","","Guediawaye, Dakar, Sénégal",""
"1739020032-293","https://sn.coinafrique.com/categorie/autres-animaux?page=2","Vache","https://sn.coinafrique.com/annonce/autres-animaux/vache-4284952","","","Niaga, Sénégal",""
"1739020035-294","https://sn.coinafrique.com/categorie/autres-animaux?page=2","Chat tigré","https://sn.coinafrique.com/annonce/autres-animaux/chat-tigre-4290086","","","Rufisque, Sénégal",""
"1739020038-295","https://sn.coinafrique.com/categorie/autres-animaux?page=2","Chat tigré","https://sn.coinafrique.com/annonce/autres-animaux/chat-tigre-4290090","","","Rufisque, Sénégal",""
"1739020041-296","https://sn.coinafrique.com/categorie/autres-animaux?page=2","Poussins d'autruche","https://sn.coinafrique.com/annonce/autres-animaux/poussins-dautruche-4292496","","","",""
"1739020043-297","https://sn.coinafrique.com/categorie/autres-animaux?page=2","Vache","https://sn.coinafrique.com/annonce/autres-animaux/vache-4303521","","","Niaga, Sénégal",""
"1739020046-298","https://sn.coinafrique.com/categorie/autres-animaux?page=2","Bœuf","https://sn.coinafrique.com/annonce/autres-animaux/buf-4303523","","","",""
"1739020049-299","https://sn.coinafrique.com/categorie/autres-animaux?page=2","Chat Scottish fold","https://sn.coinafrique.com/annonce/autres-animaux/chat-scottish-fold-4326378","","","Dakar, Sénégal",""
"1739020052-300","https://sn.coinafrique.com/categorie/autres-animaux?page=2","Cailles de chair","https://sn.coinafrique.com/annonce/autres-animaux/cailles-de-chair-4327166","","","Colobane, Dakar, Sénégal",""
"1739020055-301","https://sn.coinafrique.com/categorie/autres-animaux?page=2","Chatons  British shorthair","https://sn.coinafrique.com/annonce/autres-animaux/chatons-british-shorthair-4328377","","","Dakar Plateau, Dakar, Sénégal",""
"1739020058-302","https://sn.coinafrique.com/categorie/autres-animaux?page=2","Perroquets","https://sn.coinafrique.com/annonce/autres-animaux/perroquets-4331654","Perroquet perruches ondulées","20 000 CFA","Point E, Dakar, Sénégal",""
"1739020060-303","https://sn.coinafrique.com/categorie/autres-animaux?page=2","Perruches ondulées","https://sn.coinafrique.com/annonce/autres-animaux/perruches-ondulees-4331659","Perroquet perruches ondulées","20 000 CFA","Point E, Dakar, Sénégal",""
"1739020063-304","https://sn.coinafrique.com/categorie/autres-animaux?page=2","Chaton Gimalayen Siamois","https://sn.coinafrique.com/annonce/autres-animaux/chaton-gimalayen-siamois-4333502","","","Fann, Dakar, Sénégal",""
"1739020066-305","https://sn.coinafrique.com/categorie/autres-animaux?page=2","Taureau","https://sn.coinafrique.com/annonce/autres-animaux/taureau-4335558","","","Rufisque, Sénégal",""
"1739020069-306","https://sn.coinafrique.com/categorie/autres-animaux?page=2","Chaton","https://sn.coinafrique.com/annonce/autres-animaux/chaton-4365267","","","Ouest Foire, Dakar, Sénégal",""
"1739020072-307","https://sn.coinafrique.com/categorie/autres-animaux?page=2","Bœuf","https://sn.coinafrique.com/annonce/autres-animaux/buf-4379382","","","",""
"1739020074-308","https://sn.coinafrique.com/categorie/autres-animaux?page=2","Dinde rouge pair","https://sn.coinafrique.com/annonce/autres-animaux/dinde-rouge-pair-4381112","","","Dakar, Sénégal",""
"1739020077-309","https://sn.coinafrique.com/categorie/autres-animaux?page=2","Chat Persan","https://sn.coinafrique.com/annonce/autres-animaux/chat-persan-4386249","","","Point E, Dakar, Sénégal",""
"1739020080-310","https://sn.coinafrique.com/categorie/autres-animaux?page=2","Chèvre","https://sn.coinafrique.com/annonce/autres-animaux/chevre-4387674","","","Thies, Sénégal",""
"1739020083-311","https://sn.coinafrique.com/categorie/autres-animaux?page=2","Veaux","https://sn.coinafrique.com/annonce/autres-animaux/veaux-4407653","","","Pikine, Sénégal",""
"1739020086-312","https://sn.coinafrique.com/categorie/autres-animaux?page=2","Pintades","https://sn.coinafrique.com/annonce/autres-animaux/pintades-4408799","","","Guediawaye, Dakar, Sénégal",""
"1739020089-313","https://sn.coinafrique.com/categorie/autres-animaux?page=2","Dindes","https://sn.coinafrique.com/annonce/autres-animaux/dindes-4408804","","","Guediawaye, Dakar, Sénégal",""
"1739020092-314","https://sn.coinafrique.com/categorie/autres-animaux?page=2","Oies de Toulouse","https://sn.coinafrique.com/annonce/autres-animaux/oies-de-toulouse-4409000","","","Thies, Sénégal",""
"1739020094-315","https://sn.coinafrique.com/categorie/autres-animaux?page=2","Perroquet","https://sn.coinafrique.com/annonce/autres-animaux/perroquet-4411374","Perroquet perruches ondulées","20 000 CFA","Point E, Dakar, Sénégal",""
"1739020097-316","https://sn.coinafrique.com/categorie/autres-animaux?page=2","Pintade","https://sn.coinafrique.com/annonce/autres-animaux/pintade-4412768","","","Keur Massar, Sénégal",""
"1739020100-317","https://sn.coinafrique.com/categorie/autres-animaux?page=2","Paon","https://sn.coinafrique.com/annonce/autres-animaux/paon-4435457","","","Yoff, Dakar, Sénégal",""
"1739020103-318","https://sn.coinafrique.com/categorie/autres-animaux?page=2","Canards","https://sn.coinafrique.com/annonce/autres-animaux/canards-4442030","","","Thies, Sénégal",""
"1739020106-319","https://sn.coinafrique.com/categorie/autres-animaux?page=2","Paon","https://sn.coinafrique.com/annonce/autres-animaux/paon-4451044","","","Dakar, Sénégal",""
"1739020109-320","https://sn.coinafrique.com/categorie/autres-animaux?page=2","Perruche ondulée","https://sn.coinafrique.com/annonce/autres-animaux/perruche-ondulee-4452994","","","Thies, Sénégal",""
"1739020112-321","https://sn.coinafrique.com/categorie/autres-animaux?page=2","Cailles","https://sn.coinafrique.com/annonce/autres-animaux/cailles-4454743","","","Dakar, Sénégal",""
"1739020114-322","https://sn.coinafrique.com/categorie/autres-animaux?page=2","Perruches ondulées","https://sn.coinafrique.com/annonce/autres-animaux/perruches-ondulees-4456156","Perroquet perruches ondulées","20 000 CFA","Dieuppeul-Derklé, Dakar, Sénégal",""
"1739020117-323","https://sn.coinafrique.com/categorie/autres-animaux?page=2","Perruche Anglaise","https://sn.coinafrique.com/annonce/autres-animaux/perruche-anglaise-4456172","","","Dieuppeul-Derklé, Dakar, Sénégal",""
"1739020120-324","https://sn.coinafrique.com/categorie/autres-animaux?page=2","Brittish Shorthair","https://sn.coinafrique.com/annonce/autres-animaux/brittish-shorthair-4462219","","","Dakar Plateau, Dakar, Sénégal",""
"1739020123-325","https://sn.coinafrique.com/categorie/autres-animaux?page=2","Pintade","https://sn.coinafrique.com/annonce/autres-animaux/pintade-4465594","","","Guediawaye, Dakar, Sénégal",""
"1739020126-326","https://sn.coinafrique.com/categorie/autres-animaux?page=2","Cochons","https://sn.coinafrique.com/annonce/autres-animaux/cochons-4503058","","","Keur Massar, Sénégal",""
"1739020129-327","https://sn.coinafrique.com/categorie/autres-animaux?page=2","Cochons","https://sn.coinafrique.com/annonce/autres-animaux/cochons-4503064","","","Keur Massar, Sénégal",""
"1739020131-328","https://sn.coinafrique.com/categorie/autres-animaux?page=2","Vaches","https://sn.coinafrique.com/annonce/autres-animaux/vaches-4504586","","","Dakar, Sénégal",""
"1739020134-329","https://sn.coinafrique.com/categorie/autres-animaux?page=2","Couple dinde","https://sn.coinafrique.com/annonce/autres-animaux/couple-dinde-4506000","","","Kolda, Sénégal",""
"1739020137-330","https://sn.coinafrique.com/categorie/autres-animaux?page=2","Chatons Serval","https://sn.coinafrique.com/annonce/autres-animaux/chatons-serval-4517799","","","Saint Louis, Sénégal",""
"1739020140-331","https://sn.coinafrique.com/categorie/autres-animaux?page=2","Poissons aquarium","https://sn.coinafrique.com/annonce/autres-animaux/poissons-aquarium-4534116","","","Dakar Plateau, Dakar, Sénégal",""
"1739020143-332","https://sn.coinafrique.com/categorie/autres-animaux?page=2","Bœuf","https://sn.coinafrique.com/annonce/autres-animaux/buf-4534540","","","",""
"1739020145-333","https://sn.coinafrique.com/categorie/autres-animaux?page=2","Chaton Persan","https://sn.coinafrique.com/annonce/autres-animaux/chaton-persan-4540876","","","Dakar, Sénégal",""
"1739020148-334","https://sn.coinafrique.com/categorie/autres-animaux?page=2","Chaton Scotish Fold","https://sn.coinafrique.com/annonce/autres-animaux/chaton-scotish-fold-4540889","","","Fann, Dakar, Sénégal",""
"1739020151-335","https://sn.coinafrique.com/categorie/autres-animaux?page=2","Cochons d'inde","https://sn.coinafrique.com/annonce/autres-animaux/cochons-dinde-4555313","","","Thies, Sénégal",""
"1739020154-336","https://sn.coinafrique.com/categorie/autres-animaux?page=2","Boeuf","https://sn.coinafrique.com/annonce/autres-animaux/boeuf-4568012","","","Mbao, Dakar, Sénégal",""
"1739020157-337","https://sn.coinafrique.com/categorie/autres-animaux?page=2","Chaton Persan","https://sn.coinafrique.com/annonce/autres-animaux/chaton-persan-4569529","","","Dakar Plateau, Dakar, Sénégal",""
"1739020160-338","https://sn.coinafrique.com/categorie/autres-animaux?page=2","Perroquet youyou","https://sn.coinafrique.com/annonce/autres-animaux/perroquet-youyou-4570755","","","Dieuppeul-Derklé, Dakar, Sénégal",""
"1739020162-339","https://sn.coinafrique.com/categorie/autres-animaux?page=2","Chaton Scottish Fold","https://sn.coinafrique.com/annonce/autres-animaux/chaton-scottish-fold-4571582","","","Dakar Plateau, Dakar, Sénégal",""
"1739020165-340","https://sn.coinafrique.com/categorie/autres-animaux?page=2","Chaton Persan","https://sn.coinafrique.com/annonce/autres-animaux/chaton-persan-4592914","","","Dakar Plateau, Dakar, Sénégal",""
"1739020168-341","https://sn.coinafrique.com/categorie/autres-animaux?page=2","Chaton Siamois Hymalayen","https://sn.coinafrique.com/annonce/autres-animaux/chaton-siamois-hymalayen-4593854","","","Dakar Plateau, Dakar, Sénégal",""
"1739020171-342","https://sn.coinafrique.com/categorie/autres-animaux?page=2","Chaton","https://sn.coinafrique.com/annonce/autres-animaux/chaton-4608863","","","Ngor, Dakar, Sénégal",""
"1739020174-343","https://sn.coinafrique.com/categorie/autres-animaux?page=2","Poussins de canards","https://sn.coinafrique.com/annonce/autres-animaux/poussins-de-canards-4619825","","","Guediawaye, Dakar, Sénégal",""
"1739020176-344","https://sn.coinafrique.com/categorie/autres-animaux?page=2","Chat Persan Chinchilla","https://sn.coinafrique.com/annonce/autres-animaux/chat-persan-chinchilla-4623023","","","Dakar Plateau, Dakar, Sénégal",""
"1739020179-345","https://sn.coinafrique.com/categorie/autres-animaux?page=2","Chat Brittish Shorthair","https://sn.coinafrique.com/annonce/autres-animaux/chat-brittish-shorthair-4629619","","","Dakar Plateau, Dakar, Sénégal",""
"1739020182-346","https://sn.coinafrique.com/categorie/autres-animaux?page=2","Chaton Hymalayen Persan","https://sn.coinafrique.com/annonce/autres-animaux/chaton-hymalayen-persan-4639205","","","Dakar Plateau, Dakar, Sénégal",""
"1739020185-347","https://sn.coinafrique.com/categorie/autres-animaux?page=2","Cage avec 3  oiseaux","https://sn.coinafrique.com/annonce/autres-animaux/cage-avec-3-oiseaux-4640165","","","Dakar, Sénégal",""
"1739020188-348","https://sn.coinafrique.com/categorie/autres-animaux?page=2","Chaton Himalayen","https://sn.coinafrique.com/annonce/autres-animaux/chaton-himalayen-4642742","","","Dakar Plateau, Dakar, Sénégal",""
"1739020191-349","https://sn.coinafrique.com/categorie/autres-animaux?page=2","Chatons","https://sn.coinafrique.com/annonce/autres-animaux/chatons-4646165","","","Point E, Dakar, Sénégal",""
"1739020194-350","https://sn.coinafrique.com/categorie/autres-animaux?page=2","Canard Colvert","https://sn.coinafrique.com/annonce/autres-animaux/canard-colvert-4650420","","","Mariste, Dakar, Sénégal",""
"1739020196-351","https://sn.coinafrique.com/categorie/autres-animaux?page=2","Couple perroquet  Roseicollis","https://sn.coinafrique.com/annonce/autres-animaux/couple-perroquet-roseicollis-4651651","","","Point E, Dakar, Sénégal",""
"1739020199-352","https://sn.coinafrique.com/categorie/autres-animaux?page=2","Chatons","https://sn.coinafrique.com/annonce/autres-animaux/chatons-4651939","","","Mariste, Dakar, Sénégal",""
"1739020206-353","https://sn.coinafrique.com/categorie/autres-animaux?page=1","Vache brune","https://sn.coinafrique.com/annonce/autres-animaux/vache-brune-4664799","","","Mbour, Sénégal",""
"1739020208-354","https://sn.coinafrique.com/categorie/autres-animaux?page=1","Paire de perruches ondulées","https://sn.coinafrique.com/annonce/autres-animaux/paire-de-perruches-ondulees-4679396","","","Mamelles, Dakar, Sénégal",""
"1739020211-355","https://sn.coinafrique.com/categorie/autres-animaux?page=1","Bœufs","https://sn.coinafrique.com/annonce/autres-animaux/bufs-4679890","","","",""
"1739020214-356","https://sn.coinafrique.com/categorie/autres-animaux?page=1","Chaton","https://sn.coinafrique.com/annonce/autres-animaux/chaton-4689687","","","Ngor, Dakar, Sénégal",""
"1739020217-357","https://sn.coinafrique.com/categorie/autres-animaux?page=1","Perruche","https://sn.coinafrique.com/annonce/autres-animaux/perruche-4701230","","","Mamelles, Dakar, Sénégal",""
"1739020220-358","https://sn.coinafrique.com/categorie/autres-animaux?page=1","Cailles","https://sn.coinafrique.com/annonce/autres-animaux/cailles-4701407","","","Touba, Sénégal",""
"1739020222-359","https://sn.coinafrique.com/categorie/autres-animaux?page=1","Hamster","https://sn.coinafrique.com/annonce/autres-animaux/hamster-4723216","","","Almadies, Dakar, Sénégal",""
"1739020225-360","https://sn.coinafrique.com/categorie/autres-animaux?page=1","Chat Siamois","https://sn.coinafrique.com/annonce/autres-animaux/chat-siamois-4723220","","","Almadies, Dakar, Sénégal",""
"1739020228-361","https://sn.coinafrique.com/categorie/autres-animaux?page=1","Perroquet inséparable","https://sn.coinafrique.com/annonce/autres-animaux/perroquet-inseparable-4724298","","","Point E, Dakar, Sénégal",""
"1739020231-362","https://sn.coinafrique.com/categorie/autres-animaux?page=1","Paon bleu","https://sn.coinafrique.com/annonce/autres-animaux/paon-bleu-4686441","","","Rufisque, Sénégal",""
"1739020234-363","https://sn.coinafrique.com/categorie/autres-animaux?page=1","3 chatons","https://sn.coinafrique.com/annonce/autres-animaux/3-chatons-4751663","","","Mariste, Dakar, Sénégal",""
"1739020237-364","https://sn.coinafrique.com/categorie/autres-animaux?page=1","Boeuf","https://sn.coinafrique.com/annonce/autres-animaux/boeuf-4752043","","","Kaolack, Sénégal",""
"1739020239-365","https://sn.coinafrique.com/categorie/autres-animaux?page=1","Vache  Montbéliard Holstein","https://sn.coinafrique.com/annonce/autres-animaux/vache-montbeliard-holstein-4753933","","","Pikine, Sénégal",""
"1739020242-366","https://sn.coinafrique.com/categorie/autres-animaux?page=1","Vache Montbéliard et Holstein","https://sn.coinafrique.com/annonce/autres-animaux/vache-montbeliard-et-holstein-4753935","","","Rufisque, Sénégal",""
"1739020245-367","https://sn.coinafrique.com/categorie/autres-animaux?page=1","Vaches Montbéliarde","https://sn.coinafrique.com/annonce/autres-animaux/vaches-montbeliarde-4753936","","","Pikine, Sénégal",""
"1739020248-368","https://sn.coinafrique.com/categorie/autres-animaux?page=1","Chaton Scottish","https://sn.coinafrique.com/annonce/autres-animaux/chaton-scottish-4755374","","","Dakar Plateau, Dakar, Sénégal",""
"1739020251-369","https://sn.coinafrique.com/categorie/autres-animaux?page=1","Vache laitière Montbéliarde","https://sn.coinafrique.com/annonce/autres-animaux/vache-laitiere-montbeliarde-4765247","","","Guediawaye, Dakar, Sénégal",""
"1739020253-370","https://sn.coinafrique.com/categorie/autres-animaux?page=1","Chaton Angora","https://sn.coinafrique.com/annonce/autres-animaux/chaton-angora-4765270","","","Dakar, Sénégal",""
"1739020256-371","https://sn.coinafrique.com/categorie/autres-animaux?page=1","Chat persan","https://sn.coinafrique.com/annonce/autres-animaux/chat-persan-4785131","","","Dakar Plateau, Dakar, Sénégal",""
"1739020259-372","https://sn.coinafrique.com/categorie/autres-animaux?page=1","Poussin Cochin disponible","https://sn.coinafrique.com/annonce/autres-animaux/poussin-cochin-disponible-4794466","","","Dakar, Sénégal",""
"1739020262-373","https://sn.coinafrique.com/categorie/autres-animaux?page=1","Cochin Fauve","https://sn.coinafrique.com/annonce/autres-animaux/cochin-fauve-4794473","","","Dakar, Sénégal",""
"1739020265-374","https://sn.coinafrique.com/categorie/autres-animaux?page=1","Poussin dinde rouge","https://sn.coinafrique.com/annonce/autres-animaux/poussin-dinde-rouge-4794677","","","Dakar, Sénégal",""
"1739020267-375","https://sn.coinafrique.com/categorie/autres-animaux?page=1","Chat scotish","https://sn.coinafrique.com/annonce/autres-animaux/chat-scotish-4803206","","","Dakar Plateau, Dakar, Sénégal",""
"1739020270-376","https://sn.coinafrique.com/categorie/autres-animaux?page=1","Paon","https://sn.coinafrique.com/annonce/autres-animaux/paon-4804686","","","Yoff, Dakar, Sénégal",""
"1739020273-377","https://sn.coinafrique.com/categorie/autres-animaux?page=1","Foin","https://sn.coinafrique.com/annonce/autres-animaux/foin-4807500","","","Keur Massar, Sénégal",""
"1739020276-378","https://sn.coinafrique.com/categorie/autres-animaux?page=1","Scottish fold et scottish straight de race pure","https://sn.coinafrique.com/annonce/autres-animaux/scottish-fold-et-scottish-straight-de-race-pure-4808971","","","Dakar Plateau, Dakar, Sénégal",""
"1739020279-379","https://sn.coinafrique.com/categorie/autres-animaux?page=1","Chatons Persan pure race","https://sn.coinafrique.com/annonce/autres-animaux/chatons-persan-pure-race-4808981","","","Dakar Plateau, Dakar, Sénégal",""
"1739020281-380","https://sn.coinafrique.com/categorie/autres-animaux?page=1","Persan pure race","https://sn.coinafrique.com/annonce/autres-animaux/persan-pure-race-4818301","","","Dakar Plateau, Dakar, Sénégal",""
"1739020284-381","https://sn.coinafrique.com/categorie/autres-animaux?page=1","Perruches ondulées blanches","https://sn.coinafrique.com/annonce/autres-animaux/perruches-ondulees-blanches-4846024","","","Dieuppeul-Derklé, Dakar, Sénégal",""
"1739020287-382","https://sn.coinafrique.com/categorie/autres-animaux?page=1","Perruche ondulée","https://sn.coinafrique.com/annonce/autres-animaux/perruche-ondulee-4846053","Perroquet perruches ondulées","20 000 CFA","Dieuppeul-Derklé, Dakar, Sénégal",""
"1739020290-383","https://sn.coinafrique.com/categorie/autres-animaux?page=1","Perruche ondulée","https://sn.coinafrique.com/annonce/autres-animaux/perruche-ondulee-4846061","Perroquet perruches ondulées","20 000 CFA","Dieuppeul-Derklé, Dakar, Sénégal",""
"1739020293-384","https://sn.coinafrique.com/categorie/autres-animaux?page=1","Vache montbéliardes","https://sn.coinafrique.com/annonce/autres-animaux/vache-montbeliardes-4851931","","","Pikine, Sénégal",""
"1739020295-385","https://sn.coinafrique.com/categorie/autres-animaux?page=1","Bœufs race Goudali","https://sn.coinafrique.com/annonce/autres-animaux/bufs-race-goudali-4853741","","","",""
"1739020298-386","https://sn.coinafrique.com/categorie/autres-animaux?page=1","Siamois","https://sn.coinafrique.com/annonce/autres-animaux/siamois-4855435","","","Yoff, Dakar, Sénégal",""
"1739020301-387","https://sn.coinafrique.com/categorie/autres-animaux?page=1","Chaton hiamalayen","https://sn.coinafrique.com/annonce/autres-animaux/chaton-hiamalayen-4864117","","","Dakar Plateau, Dakar, Sénégal",""
"1739020304-388","https://sn.coinafrique.com/categorie/autres-animaux?page=1","Vache","https://sn.coinafrique.com/annonce/autres-animaux/vache-4864739","","","Gassane, Sénégal",""
"1739020307-389","https://sn.coinafrique.com/categorie/autres-animaux?page=1","Boeuf","https://sn.coinafrique.com/annonce/autres-animaux/boeuf-4869182","","","Matam, Sénégal",""
"1739020310-390","https://sn.coinafrique.com/categorie/autres-animaux?page=1","vache","https://sn.coinafrique.com/annonce/autres-animaux/vache-4878570","","","Niaga, Sénégal",""
"1739020312-391","https://sn.coinafrique.com/categorie/autres-animaux?page=1","Œufs de caille","https://sn.coinafrique.com/annonce/autres-animaux/ufs-de-caille-4880849","","","",""
"1739020315-392","https://sn.coinafrique.com/categorie/autres-animaux?page=1","Œufs de caille","https://sn.coinafrique.com/annonce/autres-animaux/ufs-de-caille-4880858","","","",""
"1739020318-393","https://sn.coinafrique.com/categorie/autres-animaux?page=1","Autruche","https://sn.coinafrique.com/annonce/autres-animaux/autruche-4885138","","","Almadies 2, Dakar, Sénégal",""
"1739020321-394","https://sn.coinafrique.com/categorie/autres-animaux?page=1","Chatons persans chinchillas purs","https://sn.coinafrique.com/annonce/autres-animaux/chatons-persans-chinchillas-purs-4888897","","","Sicap Liberté, Dakar, Sénégal",""
"1739020324-395","https://sn.coinafrique.com/categorie/autres-animaux?page=1","Bœufs","https://sn.coinafrique.com/annonce/autres-animaux/bufs-4895608","","","",""
"1739020327-396","https://sn.coinafrique.com/categorie/autres-animaux?page=1","Poisson Aquarium","https://sn.coinafrique.com/annonce/autres-animaux/poisson-aquarium-4898597","","","Dakar Plateau, Dakar, Sénégal",""
"1739020329-397","https://sn.coinafrique.com/categorie/autres-animaux?page=1","Perroquets","https://sn.coinafrique.com/annonce/autres-animaux/perroquets-4903200","Perroquet perruches ondulées","20 000 CFA","Point E, Dakar, Sénégal",""
"1739020332-398","https://sn.coinafrique.com/categorie/autres-animaux?page=1","Dinde rouge Ardenne","https://sn.coinafrique.com/annonce/autres-animaux/dinde-rouge-ardenne-4917420","","","Guediawaye, Dakar, Sénégal",""
"1739020335-399","https://sn.coinafrique.com/categorie/autres-animaux?page=1","Poussins de canard","https://sn.coinafrique.com/annonce/autres-animaux/poussins-de-canard-4917429","","","Guediawaye, Dakar, Sénégal",""
"1739020338-400","https://sn.coinafrique.com/categorie/autres-animaux?page=1","Chatons","https://sn.coinafrique.com/annonce/autres-animaux/chatons-4922546","","","Mariste, Dakar, Sénégal",""
"1739020341-401","https://sn.coinafrique.com/categorie/autres-animaux?page=1","Chat","https://sn.coinafrique.com/annonce/autres-animaux/chat-4928423","","","Grand Dakar, Dakar, Sénégal",""
"1739020344-402","https://sn.coinafrique.com/categorie/autres-animaux?page=1","Chaton Persan Peaky Face","https://sn.coinafrique.com/annonce/autres-animaux/chaton-persan-peaky-face-4941927","","","Point E, Dakar, Sénégal",""
"1739020347-403","https://sn.coinafrique.com/categorie/autres-animaux?page=1","Pintade noire","https://sn.coinafrique.com/annonce/autres-animaux/pintade-noire-4942157","","","Hann Bel-Air, Dakar, Sénégal",""
"1739020349-404","https://sn.coinafrique.com/categorie/autres-animaux?page=1","Chaton","https://sn.coinafrique.com/annonce/autres-animaux/chaton-4956743","","","Dakar, Sénégal",""
"1739020352-405","https://sn.coinafrique.com/categorie/autres-animaux?page=1","Cailles de chair","https://sn.coinafrique.com/annonce/autres-animaux/cailles-de-chair-4957482","","","Thies, Sénégal",""
"1739020355-406","https://sn.coinafrique.com/categorie/autres-animaux?page=1","Hamster","https://sn.coinafrique.com/annonce/autres-animaux/hamster-4962365","","","Almadies, Dakar, Sénégal",""
"1739020358-407","https://sn.coinafrique.com/categorie/autres-animaux?page=1","Œufs de caille","https://sn.coinafrique.com/annonce/autres-animaux/ufs-de-caille-4962446","","","",""
"1739020361-408","https://sn.coinafrique.com/categorie/autres-animaux?page=1","Perroquet","https://sn.coinafrique.com/annonce/autres-animaux/perroquet-4967605","Perroquet perruches ondulées","20 000 CFA","Sicap Liberté, Dakar, Sénégal",""
"1739020364-409","https://sn.coinafrique.com/categorie/autres-animaux?page=1","Bleus","https://sn.coinafrique.com/annonce/autres-animaux/bleus-4974963","Perroquet perruches ondulées","20 000 CFA","Sicap Liberté, Dakar, Sénégal",""
"1739020366-410","https://sn.coinafrique.com/categorie/autres-animaux?page=1","Tortue","https://sn.coinafrique.com/annonce/autres-animaux/tortue-4976748","","","Hann Bel-Air, Dakar, Sénégal",""
"1739020369-411","https://sn.coinafrique.com/categorie/autres-animaux?page=1","Boeuf","https://sn.coinafrique.com/annonce/autres-animaux/boeuf-4995019","","","Thies, Sénégal",""
"1739020372-412","https://sn.coinafrique.com/categorie/autres-animaux?page=1","Bœuf","https://sn.coinafrique.com/annonce/autres-animaux/buf-4996496","","","",""
"1739020375-413","https://sn.coinafrique.com/categorie/autres-animaux?page=1","Chat Siamois","https://sn.coinafrique.com/annonce/autres-animaux/chat-siamois-4997392","","","Point E, Dakar, Sénégal",""
"1739020378-414","https://sn.coinafrique.com/categorie/autres-animaux?page=1","Couple dinde","https://sn.coinafrique.com/annonce/autres-animaux/couple-dinde-5001804","","","Guediawaye, Dakar, Sénégal",""
"1739020380-415","https://sn.coinafrique.com/categorie/autres-animaux?page=1","Caille","https://sn.coinafrique.com/annonce/autres-animaux/caille-5001807","","","Guediawaye, Dakar, Sénégal",""
"1739020383-416","https://sn.coinafrique.com/categorie/autres-animaux?page=1","Chèvre","https://sn.coinafrique.com/annonce/autres-animaux/chevre-5009683","","","Keur Massar, Sénégal",""
"1739020386-417","https://sn.coinafrique.com/categorie/autres-animaux?page=1","Chaton de 1 mois","https://sn.coinafrique.com/annonce/autres-animaux/chaton-de-1-mois-5017864","","","Mariste, Dakar, Sénégal",""
"1739020389-418","https://sn.coinafrique.com/categorie/autres-animaux?page=1","Bœuf","https://sn.coinafrique.com/annonce/autres-animaux/buf-5022926","","","",""
"1739020392-419","https://sn.coinafrique.com/categorie/autres-animaux?page=1","Couples Dindons","https://sn.coinafrique.com/annonce/autres-animaux/couples-dindons-5034401","","","Saint Louis, Sénégal",""
"1739020395-420","https://sn.coinafrique.com/categorie/autres-animaux?page=1","Dindes","https://sn.coinafrique.com/annonce/autres-animaux/dindes-5035473","","","Almadies 2, Dakar, Sénégal",""
"1739020397-421","https://sn.coinafrique.com/categorie/autres-animaux?page=1","British et scottish pure race","https://sn.coinafrique.com/annonce/autres-animaux/british-et-scottish-pure-race-5041101","","","Dakar Plateau, Dakar, Sénégal",""
"1739020400-422","https://sn.coinafrique.com/categorie/autres-animaux?page=1","persan pure race","https://sn.coinafrique.com/annonce/autres-animaux/persan-pure-race-5041103","","","Dakar Plateau, Dakar, Sénégal",""
"1739020403-423","https://sn.coinafrique.com/categorie/autres-animaux?page=1","Himalayen","https://sn.coinafrique.com/annonce/autres-animaux/himalayen-5041105","","","Dakar Plateau, Dakar, Sénégal",""
"1739020406-424","https://sn.coinafrique.com/categorie/autres-animaux?page=1","Mondain","https://sn.coinafrique.com/annonce/autres-animaux/mondain-5041931","","","Guediawaye, Dakar, Sénégal",""
"1739020409-425","https://sn.coinafrique.com/categorie/autres-animaux?page=1","Bœufs","https://sn.coinafrique.com/annonce/autres-animaux/bufs-5042261","","","",""
"1739020412-426","https://sn.coinafrique.com/categorie/autres-animaux?page=1","Chat Persan","https://sn.coinafrique.com/annonce/autres-animaux/chat-persan-5050095","","","Dakar Plateau, Dakar, Sénégal",""
"1739020415-427","https://sn.coinafrique.com/categorie/autres-animaux?page=1","Bœuf","https://sn.coinafrique.com/annonce/autres-animaux/buf-5054268","","","",""
"1739020417-428","https://sn.coinafrique.com/categorie/autres-animaux?page=1","Bœuf","https://sn.coinafrique.com/annonce/autres-animaux/buf-5054269","","","",""
"1739020420-429","https://sn.coinafrique.com/categorie/autres-animaux?page=1","Tortues terrestres","https://sn.coinafrique.com/annonce/autres-animaux/tortues-terrestres-5066823","","","Ouest Foire, Dakar, Sénégal",""
"1739020423-430","https://sn.coinafrique.com/categorie/autres-animaux?page=1","Poissons Aquarium","https://sn.coinafrique.com/annonce/autres-animaux/poissons-aquarium-5068623","","","Dakar, Sénégal",""
"1739020426-431","https://sn.coinafrique.com/categorie/autres-animaux?page=1","Chaton Siamois","https://sn.coinafrique.com/annonce/autres-animaux/chaton-siamois-5092278","","","Dakar Plateau, Dakar, Sénégal",""
"1739020429-432","https://sn.coinafrique.com/categorie/autres-animaux?page=1","Chaton","https://sn.coinafrique.com/annonce/autres-animaux/chaton-5096028","","","Dakar Plateau, Dakar, Sénégal",""
"1739020431-433","https://sn.coinafrique.com/categorie/autres-animaux?page=1","Perruches ondulées","https://sn.coinafrique.com/annonce/autres-animaux/perruches-ondulees-5103176","Perroquet perruches ondulées","20 000 CFA","Point E, Dakar, Sénégal",""
"1739020434-434","https://sn.coinafrique.com/categorie/autres-animaux?page=1","Chat Siamois","https://sn.coinafrique.com/annonce/autres-animaux/chat-siamois-5103325","","","Almadies, Dakar, Sénégal",""
"1739020437-435","https://sn.coinafrique.com/categorie/autres-animaux?page=1","Perroquets","https://sn.coinafrique.com/annonce/autres-animaux/perroquets-5125396","Perroquet perruches ondulées","20 000 CFA","Thies, Sénégal",""
"1739020440-436","https://sn.coinafrique.com/categorie/autres-animaux?page=1","Perroquet perruches ondulées","https://sn.coinafrique.com/annonce/autres-animaux/perroquet-perruches-ondulees-5138284","Perroquet perruches ondulées","20 000 CFA","Point E, Dakar, Sénégal",""
